INSERT INTO customer (customer_id, name, city, state) VALUES
(1, 'John Doe', 'New York', 'NY'),
(2, 'Jane Smith', 'Los Angeles', 'CA'),
(3, 'Michael Johnson', 'Chicago', 'IL'),
(4, 'Emily Davis', 'Houston', 'TX'),
(5, 'David Wilson', 'Phoenix', 'AZ');

INSERT INTO product (productid, product_name, category, unit_price) VALUES
(1, 'Laptop', 'Electronics', 1200.00),
(2, 'Smartphone', 'Electronics', 800.00),
(3, 'Tablet', 'Electronics', 400.00),
(4, 'Headphones', 'Accessories', 150.00),
(5, 'Keyboard', 'Accessories', 50.00),
(6, 'Mouse', 'Accessories', 25.00),
(7, 'Desk Chair', 'Furniture', 200.00),
(8, 'Monitor', 'Electronics', 300.00),
(9, 'Printer', 'Electronics', 150.00),
(10, 'Smartwatch', 'Wearables', 250.00);

DELETE FROM orderdetails;
DELETE FROM orders;


INSERT INTO orders (orderid, customer_id, order_date) VALUES
(1, 1, '2025-01-03'),
(2, 2, '2025-01-10'),
(3, 3, '2025-01-17'),
(4, 4, '2025-01-24'),
(5, 5, '2025-02-01'),
(6, 1, '2025-02-08'),
(7, 2, '2025-02-15'),
(8, 3, '2025-02-22'),
(9, 4, '2025-03-01'),
(10, 5, '2025-03-08'),
(11, 1, '2025-03-15'),
(12, 2, '2025-03-22'),
(13, 3, '2025-03-29');

INSERT INTO orderdetails (orderid, productid, qty) VALUES
(1, 1, 1),
(1, 4, 1),
(1, 7, 1),
(1, 10, 1),
(2, 2, 1),
(2, 5, 1),
(2, 7, 1),
(2, 10, 1),
(3, 3, 1),
(3, 6, 1),
(3, 7, 1),
(3, 10, 1),
(4, 8, 1),
(4, 4, 1),
(4, 7, 1),
(4, 10, 1),
(5, 1, 1),
(5, 5, 1),
(5, 7, 1),
(5, 10, 1),
(6, 2, 1),
(6, 6, 1),
(6, 7, 1),
(6, 10, 1),
(7, 3, 1),
(7, 4, 1),
(7, 7, 1),
(7, 10, 1),
(8, 8, 1),
(8, 5, 1),
(8, 7, 1),
(8, 10, 1),
(9, 1, 1),
(9, 6, 1),
(9, 7, 1),
(9, 10, 1),
(10, 2, 1),
(10, 4, 1),
(10, 7, 1),
(10, 10, 1),
(11, 3, 1),
(11, 5, 1),
(11, 7, 1),
(11, 10, 1),
(12, 8, 1),
(12, 6, 1),
(12, 7, 1),
(12, 10, 1),
(13, 1, 1),
(13, 4, 1),
(13, 7, 1),
(13, 10, 1);